"Country","Average_Invoice_Total"
Czech Republic,25.86
USA,23.86
Hungary,21.86
Ireland,21.86
Austria,18.86
USA,18.86
Chile,17.91
Czech Republic,16.86
France,16.86
USA,15.86
Norway,15.86
Germany,14.91
USA,13.86
Germany,13.86
France,13.86
USA,13.86
Chile,13.86
Germany,13.86
Canada,13.86
United Kingdom,13.86
Canada,13.86
Brazil,13.86
Poland,13.86
USA,13.86
Canada,13.86
France,13.86
USA,13.86
India,13.86
Germany,13.86
USA,13.86
United Kingdom,13.86
Canada,13.86
Brazil,13.86
Spain,13.86
Canada,13.86
Belgium,13.86
France,13.86
USA,13.86
India,13.86
Germany,13.86
USA,13.86
Australia,13.86
Portugal,13.86
Brazil,13.86
Sweden,13.86
Canada,13.86
Denmark,13.86
Italy,13.86
USA,13.86
Brazil,13.86
France,13.86
USA,13.86
Argentina,13.86
Portugal,13.86
Canada,13.86
United Kingdom,13.86
Canada,13.86
Brazil,13.86
Netherlands,13.86
USA,13.86
Finland,13.86
USA,11.94
USA,10.91
Portugal,10.91
Canada,9.91
Netherlands,8.94
Canada,8.91
United Kingdom,8.91
Canada,8.91
Brazil,8.91
Netherlands,8.91
USA,8.91
Czech Republic,8.91
Finland,8.91
USA,8.91
Germany,8.91
France,8.91
USA,8.91
Germany,8.91
United Kingdom,8.91
Canada,8.91
Brazil,8.91
Poland,8.91
USA,8.91
Austria,8.91
Hungary,8.91
USA,8.91
Canada,8.91
France,8.91
USA,8.91
India,8.91
USA,8.91
United Kingdom,8.91
Canada,8.91
Brazil,8.91
Spain,8.91
Canada,8.91
Belgium,8.91
Ireland,8.91
USA,8.91
Norway,8.91
France,8.91
USA,8.91
India,8.91
Germany,8.91
Australia,8.91
Brazil,8.91
Sweden,8.91
Canada,8.91
Denmark,8.91
Italy,8.91
USA,8.91
Czech Republic,8.91
France,8.91
USA,8.91
Brazil,8.91
France,8.91
USA,8.91
Argentina,8.91
Portugal,8.91
Finland,7.96
USA,7.96
Sweden,6.94
Belgium,5.94
Ireland,5.94
USA,5.94
Norway,5.94
France,5.94
USA,5.94
India,5.94
Germany,5.94
USA,5.94
Australia,5.94
Portugal,5.94
Brazil,5.94
Canada,5.94
Denmark,5.94
Italy,5.94
USA,5.94
Czech Republic,5.94
France,5.94
USA,5.94
Brazil,5.94
France,5.94
USA,5.94
Argentina,5.94
Portugal,5.94
Canada,5.94
United Kingdom,5.94
Canada,5.94
Brazil,5.94
USA,5.94
Czech Republic,5.94
Finland,5.94
USA,5.94
Germany,5.94
France,5.94
USA,5.94
Chile,5.94
Germany,5.94
Canada,5.94
United Kingdom,5.94
Canada,5.94
Brazil,5.94
Poland,5.94
Austria,5.94
Hungary,5.94
USA,5.94
Canada,5.94
France,5.94
USA,5.94
India,5.94
Germany,5.94
USA,5.94
United Kingdom,5.94
Canada,5.94
Brazil,5.94
Spain,5.94
Canada,5.94
Brazil,3.98
Canada,3.98
France,3.98
USA,3.98
USA,3.98
Norway,3.96
France,3.96
USA,3.96
India,3.96
Germany,3.96
USA,3.96
Australia,3.96
Portugal,3.96
Brazil,3.96
Sweden,3.96
Canada,3.96
Denmark,3.96
Italy,3.96
USA,3.96
Czech Republic,3.96
France,3.96
USA,3.96
Brazil,3.96
France,3.96
USA,3.96
Argentina,3.96
Portugal,3.96
Canada,3.96
United Kingdom,3.96
Canada,3.96
Brazil,3.96
Netherlands,3.96
USA,3.96
Czech Republic,3.96
USA,3.96
Germany,3.96
France,3.96
USA,3.96
Chile,3.96
Germany,3.96
Canada,3.96
United Kingdom,3.96
Canada,3.96
Brazil,3.96
Poland,3.96
USA,3.96
Austria,3.96
Hungary,3.96
Canada,3.96
France,3.96
USA,3.96
India,3.96
Germany,3.96
USA,3.96
United Kingdom,3.96
Canada,3.96
Brazil,3.96
Spain,3.96
Canada,3.96
Belgium,3.96
Ireland,3.96
USA,3.96
France,2.98
India,1.99
France,1.99
USA,1.99
India,1.99
Germany,1.98
Germany,1.98
France,1.98
USA,1.98
USA,1.98
Australia,1.98
Chile,1.98
Portugal,1.98
Germany,1.98
Brazil,1.98
Canada,1.98
Sweden,1.98
United Kingdom,1.98
Canada,1.98
Canada,1.98
Denmark,1.98
Brazil,1.98
Italy,1.98
Poland,1.98
USA,1.98
USA,1.98
Czech Republic,1.98
Austria,1.98
France,1.98
Hungary,1.98
USA,1.98
USA,1.98
France,1.98
France,1.98
USA,1.98
USA,1.98
Argentina,1.98
India,1.98
Portugal,1.98
Germany,1.98
Canada,1.98
USA,1.98
United Kingdom,1.98
United Kingdom,1.98
Canada,1.98
Canada,1.98
Brazil,1.98
Brazil,1.98
Netherlands,1.98
Spain,1.98
USA,1.98
Canada,1.98
Czech Republic,1.98
Belgium,1.98
Finland,1.98
Ireland,1.98
USA,1.98
USA,1.98
Germany,1.98
Norway,1.98
USA,1.98
USA,1.98
Chile,1.98
India,1.98
Germany,1.98
Germany,1.98
Canada,1.98
USA,1.98
United Kingdom,1.98
Australia,1.98
Canada,1.98
Portugal,1.98
Brazil,1.98
Brazil,1.98
Poland,1.98
Sweden,1.98
USA,1.98
Canada,1.98
Austria,1.98
Denmark,1.98
Hungary,1.98
Italy,1.98
USA,1.98
USA,1.98
Canada,1.98
Czech Republic,1.98
France,1.98
France,1.98
India,1.98
Brazil,1.98
Germany,1.98
France,1.98
USA,1.98
USA,1.98
United Kingdom,1.98
Argentina,1.98
Canada,1.98
Portugal,1.98
Brazil,1.98
Canada,1.98
Spain,1.98
United Kingdom,1.98
Canada,1.98
Canada,1.98
Belgium,1.98
Brazil,1.98
Ireland,1.98
Netherlands,1.98
USA,1.98
USA,1.98
Norway,1.98
Czech Republic,1.98
France,1.98
Finland,1.98
USA,1.98
USA,1.98
Germany,0.99
USA,0.99
United Kingdom,0.99
Canada,0.99
Brazil,0.99
Spain,0.99
Canada,0.99
Belgium,0.99
Ireland,0.99
USA,0.99
Norway,0.99
France,0.99
USA,0.99
Germany,0.99
USA,0.99
Australia,0.99
Portugal,0.99
Brazil,0.99
Sweden,0.99
Canada,0.99
Denmark,0.99
Italy,0.99
USA,0.99
Czech Republic,0.99
France,0.99
USA,0.99
Brazil,0.99
USA,0.99
Argentina,0.99
Portugal,0.99
Canada,0.99
United Kingdom,0.99
Canada,0.99
Brazil,0.99
Netherlands,0.99
USA,0.99
Czech Republic,0.99
Finland,0.99
USA,0.99
Germany,0.99
France,0.99
Chile,0.99
Germany,0.99
Canada,0.99
United Kingdom,0.99
Canada,0.99
Brazil,0.99
Poland,0.99
USA,0.99
Austria,0.99
Hungary,0.99
USA,0.99
Canada,0.99
France,0.99
USA,0.99
